Segment,Accuracy,Precision,Recall,F1 Score,ROC AUC
1,0.9722222222222222,1.0,0.75,0.8571428571428571,0.875
0,1.0,1.0,1.0,1.0,1.0
2,1.0,1.0,1.0,1.0,1.0
